# Nockbalk 3, total längd 11070 mm. Hål Ø13 genomgående, cylindriska, utan försänkning, för skruv Rothoblaas HBS PLATE EVO 10×80 (HBSPLEVO1080). x från vänster balkände, y från plåtens kant mot balkens framsida [mm].
# Underplåtens rader är speglade (y_under = 200 - y_over) så att skruvarna i ytterraderna inte står mitt för varandra (i mittraden y = 100 är det 30 mm mellan spetsarna).
bit;plat_fran;plat_till;nr;x_mm;y_over;y_under
1;5835;11070;1;5875;45;155
1;5835;11070;2;5925;155;45
1;5835;11070;3;5975;45;155
1;5835;11070;4;6025;155;45
1;5835;11070;5;6075;45;155
1;5835;11070;6;6125;155;45
1;5835;11070;7;6175;45;155
1;5835;11070;8;6225;155;45
1;5835;11070;9;6275;45;155
1;5835;11070;10;6325;155;45
1;5835;11070;11;6375;45;155
1;5835;11070;12;6425;155;45
1;5835;11070;13;6475;45;155
1;5835;11070;14;6535;155;45
1;5835;11070;15;6595;45;155
1;5835;11070;16;6655;155;45
1;5835;11070;17;6715;45;155
1;5835;11070;18;6775;155;45
1;5835;11070;19;6835;45;155
1;5835;11070;20;6895;155;45
1;5835;11070;21;6955;45;155
1;5835;11070;22;7105;155;45
1;5835;11070;23;7255;45;155
1;5835;11070;24;7405;155;45
1;5835;11070;25;7555;45;155
1;5835;11070;26;7755;155;45
1;5835;11070;27;7955;45;155
1;5835;11070;28;8155;155;45
1;5835;11070;29;8355;45;155
1;5835;11070;30;8470;155;45
1;5835;11070;31;8670;45;155
1;5835;11070;32;8870;155;45
1;5835;11070;33;9070;45;155
1;5835;11070;34;9270;155;45
1;5835;11070;35;9470;45;155
1;5835;11070;36;9545;155;45
1;5835;11070;37;9620;45;155
1;5835;11070;38;9695;155;45
1;5835;11070;39;9770;45;155
1;5835;11070;40;9845;155;45
1;5835;11070;41;9920;45;155
1;5835;11070;42;9995;155;45
1;5835;11070;43;10070;45;155
1;5835;11070;44;10145;155;45
1;5835;11070;45;10220;45;155
1;5835;11070;46;10295;155;45
1;5835;11070;47;10370;45;155
1;5835;11070;48;10430;155;45
1;5835;11070;49;10490;45;155
1;5835;11070;50;10550;155;45
1;5835;11070;51;10610;45;155
1;5835;11070;52;10670;155;45
1;5835;11070;53;10730;45;155
1;5835;11070;54;10790;155;45
1;5835;11070;55;10850;45;155
1;5835;11070;56;10910;155;45
1;5835;11070;57;10970;45;155
