# Dalbalk 2, total längd 10070 mm. Hål Ø10,5, utan försänkning. x från vänster balkände, y från plåtens kant mot balkens framsida [mm].
# Underplåtens rader är speglade (y_under = 200 - y_over) så att skruvarna i ytterraderna inte står mitt för varandra (mittraden y = 100 möts med 10 mm mellan spetsarna).
bit;plat_fran;plat_till;nr;x_mm;y_over;y_under
1;6337;10070;1;6377;45;155
1;6337;10070;2;6427;155;45
1;6337;10070;3;6477;45;155
1;6337;10070;4;6527;155;45
1;6337;10070;5;6577;45;155
1;6337;10070;6;6627;155;45
1;6337;10070;7;6677;45;155
1;6337;10070;8;6727;155;45
1;6337;10070;9;6777;45;155
1;6337;10070;10;6827;155;45
1;6337;10070;11;6877;45;155
1;6337;10070;12;6952;155;45
1;6337;10070;13;7027;45;155
1;6337;10070;14;7102;155;45
1;6337;10070;15;7177;45;155
1;6337;10070;16;7252;155;45
1;6337;10070;17;7327;45;155
1;6337;10070;18;7402;155;45
1;6337;10070;19;7602;45;155
1;6337;10070;20;7802;155;45
1;6337;10070;21;8002;45;155
1;6337;10070;22;8202;155;45
1;6337;10070;23;8320;45;155
1;6337;10070;24;8520;155;45
1;6337;10070;25;8720;45;155
1;6337;10070;26;8920;155;45
1;6337;10070;27;9120;45;155
1;6337;10070;28;9170;155;45
1;6337;10070;29;9220;45;155
1;6337;10070;30;9270;155;45
1;6337;10070;31;9320;45;155
1;6337;10070;32;9370;155;45
1;6337;10070;33;9420;45;155
1;6337;10070;34;9470;155;45
1;6337;10070;35;9520;45;155
1;6337;10070;36;9570;155;45
1;6337;10070;37;9620;45;155
1;6337;10070;38;9670;155;45
1;6337;10070;39;9720;45;155
1;6337;10070;40;9770;155;45
1;6337;10070;41;9820;45;155
1;6337;10070;42;9870;155;45
1;6337;10070;43;9920;45;155
1;6337;10070;44;9970;155;45
